url,page_type,change,http_status,title,h1,canonical,robots
https://savefromnet.fun/,home,preserved,200,SaveFromNet | Video Downloader & Converter,Video Downloader & Converter,https://savefromnet.fun/,indexable
https://savefromnet.fun/guides,guide hub,preserved,200,Media Download Guides | SaveFromNet,Media Download Guides,https://savefromnet.fun/guides,indexable
https://savefromnet.fun/batch-image-converter,image tool,new,200,Batch Image Converter & Resizer | SaveFromNet,Batch Image Converter & Resizer,https://savefromnet.fun/batch-image-converter,indexable
https://savefromnet.fun/youtube-downloader,tool,preserved,200,YouTube Downloader & Converter | SaveFromNet,YouTube Downloader & Converter,https://savefromnet.fun/youtube-downloader,indexable
https://savefromnet.fun/youtube-video-downloader,tool,preserved,200,YouTube Video Downloader | SaveFromNet,YouTube Video Downloader,https://savefromnet.fun/youtube-video-downloader,indexable
https://savefromnet.fun/youtube-shorts-downloader,tool,preserved,200,YouTube Shorts Download | Shorts Downloader | SaveFromNet,YouTube Shorts Downloader,https://savefromnet.fun/youtube-shorts-downloader,indexable
https://savefromnet.fun/youtube-to-mp3,tool,preserved,200,YouTube MP3 Converter – YouTube to MP3 | SaveFromNet,YouTube to MP3 Converter,https://savefromnet.fun/youtube-to-mp3,indexable
https://savefromnet.fun/youtube-to-transcript,tool,new,200,YouTube to Transcript Converter | SaveFromNet,YouTube to Transcript Converter,https://savefromnet.fun/youtube-to-transcript,indexable
https://savefromnet.fun/youtube-audio-downloader,tool,preserved,200,YouTube Audio Downloader | SaveFromNet,YouTube Audio Downloader,https://savefromnet.fun/youtube-audio-downloader,indexable
https://savefromnet.fun/youtube-song-downloader,tool,preserved,200,YouTube Song Downloader | SaveFromNet,YouTube Song Downloader,https://savefromnet.fun/youtube-song-downloader,indexable
https://savefromnet.fun/youtube-to-mp4,tool,preserved,200,YouTube to MP4 | SaveFromNet,YouTube to MP4,https://savefromnet.fun/youtube-to-mp4,indexable
https://savefromnet.fun/youtube-music-downloader,tool,preserved,200,YouTube Music Downloader | SaveFromNet,YouTube Music Downloader,https://savefromnet.fun/youtube-music-downloader,indexable
https://savefromnet.fun/youtube-movies-downloader,tool,preserved,200,YouTube Movies Downloader | SaveFromNet,YouTube Movies Downloader,https://savefromnet.fun/youtube-movies-downloader,indexable
https://savefromnet.fun/instagram-downloader,tool,preserved,200,Instagram Downloader | SaveFromNet,Instagram Downloader,https://savefromnet.fun/instagram-downloader,indexable
https://savefromnet.fun/instagram-video-downloader,tool,preserved,200,Instagram Video Downloader | SaveFromNet,Instagram Video Downloader,https://savefromnet.fun/instagram-video-downloader,indexable
https://savefromnet.fun/instagram-reels-downloader,tool,preserved,200,Instagram Reels Downloader | SaveFromNet,Instagram Reels Downloader,https://savefromnet.fun/instagram-reels-downloader,indexable
https://savefromnet.fun/instagram-photo-downloader,tool,preserved,200,Instagram Photo Downloader | SaveFromNet,Instagram Photo Downloader,https://savefromnet.fun/instagram-photo-downloader,indexable
https://savefromnet.fun/instagram-story-downloader,tool,preserved,200,Instagram Story Downloader | SaveFromNet,Instagram Story Downloader,https://savefromnet.fun/instagram-story-downloader,indexable
https://savefromnet.fun/instagram-carousel-downloader,tool,preserved,200,Instagram Carousel Downloader | SaveFromNet,Instagram Carousel Downloader,https://savefromnet.fun/instagram-carousel-downloader,indexable
https://savefromnet.fun/instagram-profile-downloader,tool,preserved,200,Instagram Profile Downloader | SaveFromNet,Instagram Profile Downloader,https://savefromnet.fun/instagram-profile-downloader,indexable
https://savefromnet.fun/tiktok-downloader,tool,preserved,200,TikTok Downloader | SaveFromNet,TikTok Downloader,https://savefromnet.fun/tiktok-downloader,indexable
https://savefromnet.fun/tiktok-to-mp3,tool,preserved,200,TikTok to MP3 Converter | SaveFromNet,TikTok to MP3 Converter,https://savefromnet.fun/tiktok-to-mp3,indexable
https://savefromnet.fun/tiktok-story-downloader,tool,preserved,200,TikTok Story Downloader | SaveFromNet,TikTok Story Downloader,https://savefromnet.fun/tiktok-story-downloader,indexable
https://savefromnet.fun/facebook-video-downloader,tool,preserved,200,Facebook Video Downloader | SaveFromNet,Facebook Video Downloader,https://savefromnet.fun/facebook-video-downloader,indexable
https://savefromnet.fun/pinterest-video-downloader,tool,preserved,200,Pinterest and GIF Downloader | SaveFromNet,Pinterest and GIF Downloader,https://savefromnet.fun/pinterest-video-downloader,indexable
https://savefromnet.fun/reddit-video-downloader,tool,preserved,200,Reddit Video Downloader | SaveFromNet,Reddit Video Downloader,https://savefromnet.fun/reddit-video-downloader,indexable
https://savefromnet.fun/threads-video-downloader,tool,preserved,200,Threads Video Downloader | SaveFromNet,Threads Video Downloader,https://savefromnet.fun/threads-video-downloader,indexable
https://savefromnet.fun/dailymotion-video-downloader,tool,preserved,200,Dailymotion Video Downloader | SaveFromNet,Dailymotion Video Downloader,https://savefromnet.fun/dailymotion-video-downloader,indexable
https://savefromnet.fun/universal-video-downloader,tool,preserved,200,Universal Video Downloader & Converter | SaveFromNet,Universal Video Downloader & Converter,https://savefromnet.fun/universal-video-downloader,indexable
https://savefromnet.fun/es,localized home,new,200,Descargador y convertidor de vídeos | SaveFromNet,Descarga y convierte medios públicos,https://savefromnet.fun/es,indexable
https://savefromnet.fun/fr,localized home,new,200,Téléchargeur et convertisseur vidéo | SaveFromNet,Téléchargez et convertissez des médias publics,https://savefromnet.fun/fr,indexable
https://savefromnet.fun/es/universal-video-downloader,localized tool,new,200,Descargador y convertidor universal | SaveFromNet,Descargador y convertidor universal,https://savefromnet.fun/es/universal-video-downloader,indexable
https://savefromnet.fun/es/youtube-downloader,localized tool,new,200,Descargador y convertidor de YouTube | SaveFromNet,Descargador y convertidor de YouTube,https://savefromnet.fun/es/youtube-downloader,indexable
https://savefromnet.fun/es/youtube-video-downloader,localized tool,new,200,Descargador de vídeos de YouTube | SaveFromNet,Descargador de vídeos de YouTube,https://savefromnet.fun/es/youtube-video-downloader,indexable
https://savefromnet.fun/es/youtube-shorts-downloader,localized tool,new,200,Descargador de YouTube Shorts | SaveFromNet,Descargador de YouTube Shorts,https://savefromnet.fun/es/youtube-shorts-downloader,indexable
https://savefromnet.fun/es/youtube-to-mp3,localized tool,new,200,Convertidor de YouTube a MP3 | SaveFromNet,Convertidor de YouTube a MP3,https://savefromnet.fun/es/youtube-to-mp3,indexable
https://savefromnet.fun/es/youtube-to-mp4,localized tool,new,200,Convertidor de YouTube a MP4 | SaveFromNet,Convertidor de YouTube a MP4,https://savefromnet.fun/es/youtube-to-mp4,indexable
https://savefromnet.fun/es/instagram-downloader,localized tool,new,200,Descargador de Instagram | SaveFromNet,Descargador de Instagram,https://savefromnet.fun/es/instagram-downloader,indexable
https://savefromnet.fun/es/instagram-reels-downloader,localized tool,new,200,Descargador de Reels de Instagram | SaveFromNet,Descargador de Reels de Instagram,https://savefromnet.fun/es/instagram-reels-downloader,indexable
https://savefromnet.fun/es/instagram-photo-downloader,localized tool,new,200,Descargador de fotos de Instagram | SaveFromNet,Descargador de fotos de Instagram,https://savefromnet.fun/es/instagram-photo-downloader,indexable
https://savefromnet.fun/es/tiktok-downloader,localized tool,new,200,Descargador de TikTok | SaveFromNet,Descargador de TikTok,https://savefromnet.fun/es/tiktok-downloader,indexable
https://savefromnet.fun/es/tiktok-to-mp3,localized tool,new,200,Convertidor de TikTok a MP3 | SaveFromNet,Convertidor de TikTok a MP3,https://savefromnet.fun/es/tiktok-to-mp3,indexable
https://savefromnet.fun/es/facebook-video-downloader,localized tool,new,200,Descargador de vídeos de Facebook | SaveFromNet,Descargador de vídeos de Facebook,https://savefromnet.fun/es/facebook-video-downloader,indexable
https://savefromnet.fun/es/pinterest-video-downloader,localized tool,new,200,"Descargador de vídeos, imágenes y GIF de Pinterest | SaveFromNet","Descargador de vídeos, imágenes y GIF de Pinterest",https://savefromnet.fun/es/pinterest-video-downloader,indexable
https://savefromnet.fun/es/reddit-video-downloader,localized tool,new,200,Descargador de vídeos de Reddit | SaveFromNet,Descargador de vídeos de Reddit,https://savefromnet.fun/es/reddit-video-downloader,indexable
https://savefromnet.fun/es/threads-video-downloader,localized tool,new,200,Descargador de vídeos de Threads | SaveFromNet,Descargador de vídeos de Threads,https://savefromnet.fun/es/threads-video-downloader,indexable
https://savefromnet.fun/es/dailymotion-video-downloader,localized tool,new,200,Descargador de vídeos de Dailymotion | SaveFromNet,Descargador de vídeos de Dailymotion,https://savefromnet.fun/es/dailymotion-video-downloader,indexable
https://savefromnet.fun/fr/universal-video-downloader,localized tool,new,200,Téléchargeur et convertisseur universel | SaveFromNet,Téléchargeur et convertisseur universel,https://savefromnet.fun/fr/universal-video-downloader,indexable
https://savefromnet.fun/fr/youtube-downloader,localized tool,new,200,Téléchargeur et convertisseur YouTube | SaveFromNet,Téléchargeur et convertisseur YouTube,https://savefromnet.fun/fr/youtube-downloader,indexable
https://savefromnet.fun/fr/youtube-video-downloader,localized tool,new,200,Téléchargeur de vidéos YouTube | SaveFromNet,Téléchargeur de vidéos YouTube,https://savefromnet.fun/fr/youtube-video-downloader,indexable
https://savefromnet.fun/fr/youtube-shorts-downloader,localized tool,new,200,Téléchargeur de YouTube Shorts | SaveFromNet,Téléchargeur de YouTube Shorts,https://savefromnet.fun/fr/youtube-shorts-downloader,indexable
https://savefromnet.fun/fr/youtube-to-mp3,localized tool,new,200,Convertisseur YouTube en MP3 | SaveFromNet,Convertisseur YouTube en MP3,https://savefromnet.fun/fr/youtube-to-mp3,indexable
https://savefromnet.fun/fr/youtube-to-mp4,localized tool,new,200,Convertisseur YouTube en MP4 | SaveFromNet,Convertisseur YouTube en MP4,https://savefromnet.fun/fr/youtube-to-mp4,indexable
https://savefromnet.fun/fr/instagram-downloader,localized tool,new,200,Téléchargeur Instagram | SaveFromNet,Téléchargeur Instagram,https://savefromnet.fun/fr/instagram-downloader,indexable
https://savefromnet.fun/fr/instagram-reels-downloader,localized tool,new,200,Téléchargeur de Reels Instagram | SaveFromNet,Téléchargeur de Reels Instagram,https://savefromnet.fun/fr/instagram-reels-downloader,indexable
https://savefromnet.fun/fr/instagram-photo-downloader,localized tool,new,200,Téléchargeur de photos Instagram | SaveFromNet,Téléchargeur de photos Instagram,https://savefromnet.fun/fr/instagram-photo-downloader,indexable
https://savefromnet.fun/fr/tiktok-downloader,localized tool,new,200,Téléchargeur TikTok | SaveFromNet,Téléchargeur TikTok,https://savefromnet.fun/fr/tiktok-downloader,indexable
https://savefromnet.fun/fr/tiktok-to-mp3,localized tool,new,200,Convertisseur TikTok en MP3 | SaveFromNet,Convertisseur TikTok en MP3,https://savefromnet.fun/fr/tiktok-to-mp3,indexable
https://savefromnet.fun/fr/facebook-video-downloader,localized tool,new,200,Téléchargeur de vidéos Facebook | SaveFromNet,Téléchargeur de vidéos Facebook,https://savefromnet.fun/fr/facebook-video-downloader,indexable
https://savefromnet.fun/fr/pinterest-video-downloader,localized tool,new,200,"Téléchargeur de vidéos, images et GIF Pinterest | SaveFromNet","Téléchargeur de vidéos, images et GIF Pinterest",https://savefromnet.fun/fr/pinterest-video-downloader,indexable
https://savefromnet.fun/fr/reddit-video-downloader,localized tool,new,200,Téléchargeur de vidéos Reddit | SaveFromNet,Téléchargeur de vidéos Reddit,https://savefromnet.fun/fr/reddit-video-downloader,indexable
https://savefromnet.fun/fr/threads-video-downloader,localized tool,new,200,Téléchargeur de vidéos Threads | SaveFromNet,Téléchargeur de vidéos Threads,https://savefromnet.fun/fr/threads-video-downloader,indexable
https://savefromnet.fun/fr/dailymotion-video-downloader,localized tool,new,200,Téléchargeur de vidéos Dailymotion | SaveFromNet,Téléchargeur de vidéos Dailymotion,https://savefromnet.fun/fr/dailymotion-video-downloader,indexable
https://savefromnet.fun/image-compressor,image tool,new,200,Image Compressor Online | SaveFromNet,Image Compressor,https://savefromnet.fun/image-compressor,indexable
https://savefromnet.fun/png-to-heic,image tool,new,200,PNG to HEIC Converter Online | SaveFromNet,PNG to HEIC Converter,https://savefromnet.fun/png-to-heic,indexable
https://savefromnet.fun/jpg-to-heic,image tool,new,200,JPG to HEIC Converter Online | SaveFromNet,JPG to HEIC Converter,https://savefromnet.fun/jpg-to-heic,indexable
https://savefromnet.fun/heic-to-jpg,image tool,new,200,HEIC to JPG Converter Online | SaveFromNet,HEIC to JPG Converter,https://savefromnet.fun/heic-to-jpg,indexable
https://savefromnet.fun/heic-to-png,image tool,new,200,HEIC to PNG Converter Online | SaveFromNet,HEIC to PNG Converter,https://savefromnet.fun/heic-to-png,indexable
https://savefromnet.fun/png-to-webp,image tool,new,200,PNG to WebP Converter Online | SaveFromNet,PNG to WebP Converter,https://savefromnet.fun/png-to-webp,indexable
https://savefromnet.fun/jpg-to-png,image tool,new,200,JPG to PNG Converter Online | SaveFromNet,JPG to PNG Converter,https://savefromnet.fun/jpg-to-png,indexable
https://savefromnet.fun/webp-to-png,image tool,new,200,WebP to PNG Converter Online | SaveFromNet,WebP to PNG Converter,https://savefromnet.fun/webp-to-png,indexable
https://savefromnet.fun/image-resizer,image tool,new,200,Image Resizer Online | SaveFromNet,Image Resizer,https://savefromnet.fun/image-resizer,indexable
https://savefromnet.fun/image-cropper,image tool,new,200,Image Cropper Online | SaveFromNet,Image Cropper,https://savefromnet.fun/image-cropper,indexable
https://savefromnet.fun/image-to-avif,image tool,new,200,Image to AVIF Converter Online | SaveFromNet,Image to AVIF Converter,https://savefromnet.fun/image-to-avif,indexable
https://savefromnet.fun/png-to-jpg,image tool,new,200,PNG to JPG Converter Online | SaveFromNet,PNG to JPG Converter,https://savefromnet.fun/png-to-jpg,indexable
https://savefromnet.fun/webp-to-jpg,image tool,new,200,WebP to JPG Converter Online | SaveFromNet,WebP to JPG Converter,https://savefromnet.fun/webp-to-jpg,indexable
https://savefromnet.fun/jpg-to-webp,image tool,new,200,JPG to WebP Converter Online | SaveFromNet,JPG to WebP Converter,https://savefromnet.fun/jpg-to-webp,indexable
https://savefromnet.fun/heic-to-webp,image tool,new,200,HEIC to WebP Converter Online | SaveFromNet,HEIC to WebP Converter,https://savefromnet.fun/heic-to-webp,indexable
https://savefromnet.fun/webp-to-heic,image tool,new,200,WebP to HEIC Converter Online | SaveFromNet,WebP to HEIC Converter,https://savefromnet.fun/webp-to-heic,indexable
https://savefromnet.fun/jpg-compressor,image tool,new,200,JPG Compressor Online | SaveFromNet,JPG Compressor,https://savefromnet.fun/jpg-compressor,indexable
https://savefromnet.fun/webp-compressor,image tool,new,200,WebP Compressor Online | SaveFromNet,WebP Compressor,https://savefromnet.fun/webp-compressor,indexable
https://savefromnet.fun/guides/how-to-copy-a-youtube-link,guide,new,200,How to copy a YouTube video or Shorts link | SaveFromNet Guides,How to copy a YouTube video or Shorts link,https://savefromnet.fun/guides/how-to-copy-a-youtube-link,indexable
https://savefromnet.fun/guides/youtube-shorts-on-phone,guide,new,200,How to download YouTube Shorts on iPhone or Android | SaveFromNet Guides,How to download YouTube Shorts on iPhone or Android,https://savefromnet.fun/guides/youtube-shorts-on-phone,indexable
https://savefromnet.fun/guides/youtube-mp3-on-phone,guide,new,200,How to convert a YouTube video to MP3 on a phone | SaveFromNet Guides,How to convert a YouTube video to MP3 on a phone,https://savefromnet.fun/guides/youtube-mp3-on-phone,indexable
https://savefromnet.fun/guides/youtube-video-on-mac,guide,new,200,How to download a YouTube video on Mac | SaveFromNet Guides,How to download a YouTube video on Mac,https://savefromnet.fun/guides/youtube-video-on-mac,indexable
https://savefromnet.fun/guides/youtube-video-on-mobile,guide,new,200,Download a YouTube video on iPhone or Android | SaveFromNet Guides,Download a YouTube video on iPhone or Android,https://savefromnet.fun/guides/youtube-video-on-mobile,indexable
https://savefromnet.fun/guides/youtube-hd-4k-downloads,guide,new,200,Why a YouTube video may not have a 1080p or 4K download | SaveFromNet Guides,Why a YouTube video may not have a 1080p or 4K download,https://savefromnet.fun/guides/youtube-hd-4k-downloads,indexable
https://savefromnet.fun/guides/youtube-video-formats,guide,preserved,200,"YouTube video formats: MP4, WebM and audio | SaveFromNet Guides","YouTube video formats: MP4, WebM and audio",https://savefromnet.fun/guides/youtube-video-formats,indexable
https://savefromnet.fun/guides/instagram-public-media,guide,preserved,200,"Instagram posts, Reels, carousels and Stories | SaveFromNet Guides","Instagram posts, Reels, carousels and Stories",https://savefromnet.fun/guides/instagram-public-media,indexable
https://savefromnet.fun/guides/tiktok-video-and-audio,guide,preserved,200,"TikTok video, photo posts and MP3 audio | SaveFromNet Guides","TikTok video, photo posts and MP3 audio",https://savefromnet.fun/guides/tiktok-video-and-audio,indexable
https://savefromnet.fun/guides/facebook-public-videos,guide,preserved,200,Finding a usable public Facebook video link | SaveFromNet Guides,Finding a usable public Facebook video link,https://savefromnet.fun/guides/facebook-public-videos,indexable
https://savefromnet.fun/guides/pinterest-pin-media,guide,preserved,200,"Pinterest Pins: images, GIFs and video | SaveFromNet Guides","Pinterest Pins: images, GIFs and video",https://savefromnet.fun/guides/pinterest-pin-media,indexable
https://savefromnet.fun/guides/reddit-video-with-audio,guide,preserved,200,Why Reddit video and audio may need merging | SaveFromNet Guides,Why Reddit video and audio may need merging,https://savefromnet.fun/guides/reddit-video-with-audio,indexable
https://savefromnet.fun/guides/threads-video-availability,guide,preserved,200,When a Threads post exposes a public video | SaveFromNet Guides,When a Threads post exposes a public video,https://savefromnet.fun/guides/threads-video-availability,indexable
https://savefromnet.fun/guides/dailymotion-video-quality,guide,preserved,200,Choosing Dailymotion video quality | SaveFromNet Guides,Choosing Dailymotion video quality,https://savefromnet.fun/guides/dailymotion-video-quality,indexable
https://savefromnet.fun/guides/mp3-vs-m4a,guide,preserved,200,MP3 vs M4A for a video-to-audio conversion | SaveFromNet Guides,MP3 vs M4A for a video-to-audio conversion,https://savefromnet.fun/guides/mp3-vs-m4a,indexable
https://savefromnet.fun/guides/why-media-links-fail,guide,preserved,200,Why a public media link may fail to download | SaveFromNet Guides,Why a public media link may fail to download,https://savefromnet.fun/guides/why-media-links-fail,indexable
https://savefromnet.fun/guides/tiktok-photo-posts,guide,new,200,How to download public TikTok photo posts | SaveFromNet Guides,How to download public TikTok photo posts,https://savefromnet.fun/guides/tiktok-photo-posts,indexable
https://savefromnet.fun/guides/facebook-reels,guide,new,200,How to download a public Facebook Reel | SaveFromNet Guides,How to download a public Facebook Reel,https://savefromnet.fun/guides/facebook-reels,indexable
https://savefromnet.fun/guides/pinterest-images,guide,new,200,How to save an image from a public Pinterest Pin | SaveFromNet Guides,How to save an image from a public Pinterest Pin,https://savefromnet.fun/guides/pinterest-images,indexable
https://savefromnet.fun/guides/video-file-size-estimates,guide,new,200,Video file size calculator and download estimates | SaveFromNet Guides,Video file size calculator and download estimates,https://savefromnet.fun/guides/video-file-size-estimates,indexable
https://savefromnet.fun/guides/temporary-download-links,guide,new,200,How SaveFromNet temporary download links work | SaveFromNet Guides,How SaveFromNet temporary download links work,https://savefromnet.fun/guides/temporary-download-links,indexable
https://savefromnet.fun/guides/video-with-no-sound,guide,new,200,Why a downloaded video may have no sound | SaveFromNet Guides,Why a downloaded video may have no sound,https://savefromnet.fun/guides/video-with-no-sound,indexable
https://savefromnet.fun/supported-links,resource,new,200,Supported Media Links and URL Formats | SaveFromNet,Which media links does SaveFromNet support?,https://savefromnet.fun/supported-links,indexable
https://savefromnet.fun/youtube-thumbnail-downloader,media utility,new,200,YouTube Thumbnail Downloader | SaveFromNet,YouTube Thumbnail Downloader,https://savefromnet.fun/youtube-thumbnail-downloader,indexable
https://savefromnet.fun/video-to-gif,media utility,new,200,Video to GIF Converter | SaveFromNet,Video to GIF Converter,https://savefromnet.fun/video-to-gif,indexable
https://savefromnet.fun/mp4-to-mp3,media utility,new,200,MP4 to MP3 Converter | SaveFromNet,MP4 to MP3 Converter,https://savefromnet.fun/mp4-to-mp3,indexable
https://savefromnet.fun/video-trimmer,media utility,new,200,Video Trimmer Online | SaveFromNet,Video Trimmer,https://savefromnet.fun/video-trimmer,indexable
https://savefromnet.fun/audio-cutter,media utility,new,200,Audio Cutter Online | SaveFromNet,Audio Cutter,https://savefromnet.fun/audio-cutter,indexable
https://savefromnet.fun/tools,directory,new,200,Media and Image Tools | SaveFromNet,Media and image tools,https://savefromnet.fun/tools,indexable
https://savefromnet.fun/youtube-transcript-api,resource,new,200,YouTube Transcript API Documentation | SaveFromNet,YouTube Transcript API,https://savefromnet.fun/youtube-transcript-api,indexable
https://savefromnet.fun/image-format-guide,resource,new,200,JPG vs PNG vs WebP vs HEIC | Image Format Guide,JPG vs PNG vs WebP vs HEIC: which image format should you use?,https://savefromnet.fun/image-format-guide,indexable
https://savefromnet.fun/about,trust,new,200,About SaveFromNet | Public Media Downloader,About SaveFromNet,https://savefromnet.fun/about,indexable
https://savefromnet.fun/contact,trust,new,200,Contact SaveFromNet | Support and Reports,Contact SaveFromNet,https://savefromnet.fun/contact,indexable
https://savefromnet.fun/privacy-policy,trust,new,200,Privacy Policy | SaveFromNet,Privacy policy,https://savefromnet.fun/privacy-policy,indexable
https://savefromnet.fun/terms,trust,new,200,Terms of Use | SaveFromNet,Terms of use,https://savefromnet.fun/terms,indexable
https://savefromnet.fun/dmca,trust,new,200,Copyright Removal Requests | SaveFromNet,Copyright removal requests,https://savefromnet.fun/dmca,indexable
https://savefromnet.fun/copyright,trust,new,200,Copyright and Permitted Use | SaveFromNet,Copyright and permitted use,https://savefromnet.fun/copyright,indexable
